{
    "format_version": "1.10.0",
    "minecraft:client_entity": {
        "description": {
            "identifier": "aw:native_soldier",
            "materials": {
                "default": "entity_alphatest"
            },
            "textures": {
                "default": "textures/entity/native/native_soldier"
            },
            "geometry": {
                "default": "geometry.native_soldier"
            },
            "enable_attachables": true,
            "scripts": {
                "animate": [
                    "base",
                    "move",
                    "attack",
                    "sit"
                ],
                "scale": "1"
            },
            "animations": {
                "base": "animation.base.base",
                "move": "animation.base.move",
                "attack": "animation.base.attack",
                "sit": "animation.base.sit"
            },
            "render_controllers": [
                "controller.render.default"
            ],
            "spawn_egg": {
                "texture": "native_egg",
                "texture_index": 0
            }
        }
    }
}