{
	"format_version" : "1.10.0",
	"animation_controllers" : {
    "controller.animation.bandit_troops": {
      "states": {
        "default": {
          "on_entry": [
           "/summon aw:bandit_soldier 土匪士兵",
           "/summon aw:bandit_soldier 土匪士兵",
           "/summon aw:bandit_soldier 土匪士兵",
           "/summon aw:bandit_archer 土匪弓箭手",
           "/summon aw:bandit_archer 土匪弓箭手",
           "/summon aw:bandit_soldier_horse 土匪骑兵",
           "/summon aw:bandit_soldier_horse 土匪骑兵",
           "/summon aw:bandit_archer_horse 土匪游骑兵",
           "/summon aw:bandit_archer_horse 土匪游骑兵",
           "/summon aw:bandit_commander 土匪指挥官",
           "/summon aw:bandit_general_horse 土匪首领"
          ]
        }
      }
    }
  }
}

