{
	"format_version" : "1.10.0",
	"animation_controllers" : {
    "controller.animation.pirate_troops": {
      "states": {
        "default": {
          "on_entry": [
           "/summon aw:pirate_soldier 海盗士兵",
           "/summon aw:pirate_soldier 海盗士兵",
           "/summon aw:pirate_soldier 海盗士兵",
           "/summon aw:pirate_archer 海盗弓箭手",
           "/summon aw:pirate_archer 海盗弓箭手",
           "/summon aw:pirate_soldier_horse 海盗骑兵",
           "/summon aw:pirate_soldier_horse 海盗骑兵",
           "/summon aw:pirate_archer_horse 海盗游骑兵",
           "/summon aw:pirate_archer_horse 海盗游骑兵",
           "/summon aw:pirate_commander 海盗指挥官",
           "/summon aw:pirate_general_horse 海盗首领"
          ]
        }
      }
    }
  }
}

