{
    "groups": [
        {
            "group_name": "itemGroup.name.bandit",
            "icon": "aw:bandit_soldier",
            "list": [
                "aw:egg_bandit_archer",
                "aw:egg_bandit_archer_ride",
                "aw:egg_bandit_commander",
                "aw:egg_bandit_general",
                "aw:egg_bandit_general_ride",
                "aw:egg_bandit_soldier",
                "aw:egg_bandit_soldier_ride"
            ]
        },
        {
            "group_name": "itemGroup.name.desert",
            "icon": "aw:desert_soldier",
            "list": [
                "aw:egg_desert_archer",
                "aw:egg_desert_archer_ride",
                "aw:egg_desert_commander",
                "aw:egg_desert_general",
                "aw:egg_desert_general_ride",
                "aw:egg_desert_soldier",
                "aw:egg_desert_soldier_ride"
            ]
        },
        {
            "group_name": "itemGroup.name.native",
            "icon": "aw:native_soldier",
            "list": [
                "aw:egg_native_archer",
                "aw:egg_native_archer_ride",
                "aw:egg_native_commander",
                "aw:egg_native_general",
                "aw:egg_native_general_ride",
                "aw:egg_native_soldier",
                "aw:egg_native_soldier_ride"
            ]
        },
        {
            "group_name": "itemGroup.name.pirate",
            "icon": "aw:pirate_soldier",
            "list": [
                "aw:egg_pirate_archer",
                "aw:egg_pirate_archer_ride",
                "aw:egg_pirate_commander",
                "aw:egg_pirate_general",
                "aw:egg_pirate_general_ride",
                "aw:egg_pirate_soldier",
                "aw:egg_pirate_soldier_ride"
            ]
        },
        {
            "group_name": "itemGroup.name.player",
            "icon": "aw:player_soldier",
            "list": [
                "aw:egg_player_archer",
                "aw:egg_player_archer_ride",
                "aw:egg_player_commander",
                "aw:egg_player_general",
                "aw:egg_player_general_ride",
                "aw:egg_player_soldier",
                "aw:egg_player_soldier_ride"
            ]
        },
        {
            "group_name": "itemGroup.name.viking",
            "icon": "aw:viling_soldier",
            "list": [
                "aw:egg_viking_archer",
                "aw:egg_viking_archer_ride",
                "aw:egg_viking_commander",
                "aw:egg_viking_general",
                "aw:egg_viking_general_ride",
                "aw:egg_viking_soldier",
                "aw:egg_viking_soldier_ride"
            ]
        }
    ]
}