{
    "groups": [
        {
            "group_name": "itemGroup.name.set",
            "icon": "aw:iron_set",
            "list": [
                "aw:leather",
                "aw:gold",
                "aw:chainmail",
                "aw:iron",
                "aw:diamond"
            ]
        },
        {
            "group_name": "itemGroup.name.baton",
            "icon": "aw:diamond_command_baton",
            "list": [
                "aw:wooden_command_baton",
                "aw:stone_command_baton",
                "aw:gold_command_baton",
                "aw:iron_command_baton",
                "aw:diamond_command_baton"
            ]
        }
    ]
}