{
    "format_version": "1.12",
    "minecraft:recipe_shaped": {
        "description": {
            "identifier": "aw:recipes_bwc"
        },
        "tags": [
            "crafting_table"
        ],
        "pattern": [
            "BCB",
            "BCB",
            "BCB"
        ],
        "key": {
            "B": {
                "item": "minecraft:bread"
            },
            "C": {
                "item": "minecraft:yellow_dye"
            }
        },
        "result": {
            "item": "aw:bwc"
        }
    }
}