{
    "format_version": "1.12",
    "minecraft:recipe_shaped": {
        "description": {
            "identifier": "aw:recipes_egg_viking_general"
        },
        "tags": [
            "crafting_table"
        ],
        "pattern": [
            " P ",
            "OQJ",
            "IR "
        ],
        "key": {
            "I": {
                "item": "minecraft:dried_kelp"
            },
            "J": {
                "item": "minecraft:iron_sword"
            },
            "O": {
                "item": "minecraft:shield"
            },
            "Q": {
                "item": "minecraft:leather_chestplate"
            },
            "R": {
                "item": "minecraft:leather_leggings"
            },
            "T": {
                "item": "minecraft:iron_helmet"
            }
        },
        "result": {
            "item": "aw:egg_viking_general"
        }
    }
}