{
    "format_version": "1.12",
    "minecraft:recipe_shaped": {
        "description": {
            "identifier": "aw:recipes_egg_desert_archer_ride"
        },
        "tags": [
            "crafting_table"
        ],
        "pattern": [
            " P ",
            " UB",
            "SVA"
        ],
        "key": {
            "A": {
                "item": "minecraft:saddle"
            },
            "B": {
                "item": "minecraft:bow"
            },
            "P": {
                "item": "minecraft:leather_helmet"
            },
            "S": {
                "item": "minecraft:sand"
            },
            "U": {
                "item": "minecraft:iron_chestplate"
            },
            "V": {
                "item": "minecraft:iron_leggings"
            }
        },
        "result": {
            "item": "aw:egg_desert_archer_ride"
        }
    }
}