{
    "format_version": "1.12",
    "minecraft:recipe_shaped": {
        "description": {
            "identifier": "aw:recipes_egg_bandit_soldier_ride"
        },
        "tags": [
            "crafting_table"
        ],
        "pattern": [
            " T ",
            " QJ",
            "DRA"
        ],
        "key": {
            "A": {
                "item": "minecraft:saddle"
            },
            "D": {
                "item": "minecraft:dirt"
            },
            "J": {
                "item": "minecraft:iron_sword"
            },
            "Q": {
                "item": "minecraft:leather_chestplate"
            },
            "R": {
                "item": "minecraft:leather_leggings"
            },
            "T": {
                "item": "minecraft:iron_helmet"
            }
        },
        "result": {
            "item": "aw:egg_bandit_soldier_ride"
        }
    }
}