{
    "format_version": "1.12",
    "minecraft:recipe_shaped": {
        "description": {
            "identifier": "aw:recipes_egg_player_commander"
        },
        "tags": [
            "crafting_table"
        ],
        "pattern": [
            "ZGZ",
            " UL",
            "WV "
        ],
        "key": {
            "G": {
                "item": "minecraft:golden_helmet"
            },
            "L": {
                "item": "minecraft:aw:iron_command_baton"
            },
            "U": {
                "item": "minecraft:iron_chestplate"
            },
            "V": {
                "item": "minecraft:iron_leggings"
            },
            "W": {
                "item": "minecraft:stick"
            },
            "Z": {
                "item": "minecraft:diamond"
            }
        },
        "result": {
            "item": "aw:egg_player_commander"
        }
    }
}