{
    "format_version": "1.12",
    "minecraft:recipe_shaped": {
        "description": {
            "identifier": "aw:recipes_egg_pirate_archer_ride"
        },
        "tags": [
            "crafting_table"
        ],
        "pattern": [
            " P ",
            " QB",
            "HRA"
        ],
        "key": {
            "A": {
                "item": "minecraft:saddle"
            },
            "B": {
                "item": "minecraft:bow"
            },
            "H": {
                "item": "minecraft:kelp"
            },
            "P": {
                "item": "minecraft:leather_helmet"
            },
            "Q": {
                "item": "minecraft:leather_chestplate"
            },
            "R": {
                "item": "minecraft:leather_leggings"
            }
        },
        "result": {
            "item": "aw:egg_pirate_archer_ride"
        }
    }
}