{
    "format_version": "1.12",
    "minecraft:recipe_shaped": {
        "description": {
            "identifier": "aw:recipes_egg_player_soldier_ride"
        },
        "tags": [
            "crafting_table"
        ],
        "pattern": [
            " T ",
            " UJ",
            "WVA"
        ],
        "key": {
            "A": {
                "item": "minecraft:saddle"
            },
            "J": {
                "item": "minecraft:iron_sword"
            },
            "T": {
                "item": "minecraft:iron_helmet"
            },
            "U": {
                "item": "minecraft:iron_chestplate"
            },
            "V": {
                "item": "minecraft:iron_leggings"
            },
            "W": {
                "item": "minecraft:stick"
            }
        },
        "result": {
            "item": "aw:egg_player_soldier_ride"
        }
    }
}