{
    "format_version": "1.12",
    "minecraft:recipe_shaped": {
        "description": {
            "identifier": "aw:recipes_egg_desert_general_ride"
        },
        "tags": [
            "crafting_table"
        ],
        "pattern": [
            " T ",
            "OUJ",
            "SVA"
        ],
        "key": {
            "A": {
                "item": "minecraft:saddle"
            },
            "J": {
                "item": "minecraft:iron_sword"
            },
            "O": {
                "item": "minecraft:shield"
            },
            "S": {
                "item": "minecraft:sand"
            },
            "T": {
                "item": "minecraft:iron_helmet"
            },
            "U": {
                "item": "minecraft:iron_chestplate"
            },
            "V": {
                "item": "minecraft:iron_leggings"
            }
        },
        "result": {
            "item": "aw:egg_desert_general_ride"
        }
    }
}