{
    "format_version": "1.12",
    "minecraft:recipe_shaped": {
        "description": {
            "identifier": "aw:recipes_egg_native_soldier"
        },
        "tags": [
            "crafting_table"
        ],
        "pattern": [
            " T ",
            " UJ",
            "CV "
        ],
        "key": {
            "C": {
                "item": "minecraft:cobblestone"
            },
            "J": {
                "item": "minecraft:iron_sword"
            },
            "T": {
                "item": "minecraft:iron_helmet"
            },
            "U": {
                "item": "minecraft:iron_chestplate"
            },
            "V": {
                "item": "minecraft:iron_leggings"
            }
        },
        "result": {
            "item": "aw:egg_native_soldier"
        }
    }
}