{
  "format_version": "1.12",
  "minecraft:recipe_shapeless": {
    "description": {
    "identifier": "aw:iron"
    },

    
    "tags": [ "crafting_table" ],
    "ingredients": [
      {
        "item": "minecraft:iron_helmet"
      },
      {
        "item": "minecraft:iron_chestplate"
      },
      {
        "item": "minecraft:iron_leggings"
      },
      {
        "item": "minecraft:iron_boots"
      }
    ],
    "result": {
      "item": "aw:iron",
      "count": 1
    }
  }
}
