{
  "pools": [
    {
      "rolls": 1,
      "entries": [
        {
          "type": "item",
          "name": "minecraft:bow",
          "weight": 1,
          "functions": [
            {
              "function": "looting_enchant",
              "count": {
                "min": 3,
                "max": 4
              }
            },
            {
              "function": "enchant_random_gear",
              "chance": 1.0
            }
		  ]
        }
      ]
    }
  ]
}