{
  "format_version": "1.10.0",
  "minecraft:client_entity": {
    "description": {
      "identifier": "aw:player_soldier_horse",
      "materials": { "default": "entity_alphatest" },
      "textures": {
        "default": "textures/entity/player/player_soldier_ride"
      },
      "geometry": {
        "default": "geometry.player_soldier_ride"
      },
      "enable_attachables": true,
      "scripts": {
				"animate": [
					"base",
					"move",
					"attack",
					"sit"
				],
				"scale": "1"
			},
			"animations": {
				"base": "animation.base.base",
				"move": "animation.horse.move",
				"attack": "animation.base.attack",
				"sit": "animation.base.sit"
			},
      "render_controllers": [ "controller.render.default" ],
      "spawn_egg": {
        "texture": "player_soldier_ride"
      }
    }
  }
}