{
  "format_version": "1.8.0",
  "minecraft:entity": {
    "description": {
      "identifier": "aw:bandit_commander",
      "is_spawnable": false,
      "is_summonable": true,
      "is_experimental": false
    },

    "component_groups": {
        "攻击":{
        "minecraft:attack": {
        "damage": 5
      }, 
      "minecraft:behavior.melee_attack":{
          "priority":1,
          "target_dist":1,
          "speed_multiplier":1,
          "track_target":true
          }
     },
     "准备攻击":{
        "minecraft:behavior.send_event": {
        "priority": 0,
        "event_choices": [
          {
            "min_activation_range": 0.0,
            "max_activation_range": 50.0,
            "cooldown_time": 0.1,
            "cast_duration": 0.1,
            "weight": 3,
            "filters": { 
                "all_of": [
                  { "test" :  "is_family", "subject" : "other", "value" :  "player"}
                ] 
            },
            "sequence": [
              {
                "base_delay": 0.05,
                "event": "进入作战状态"
              }
            ]
          }
        ]
      }
     },
     "取消攻击":{
        "minecraft:behavior.send_event": {
        "priority": 0,
        "event_choices": [
          {
            "min_activation_range": 0.0,
            "max_activation_range": 50.0,
            "cooldown_time": 0.1,
            "cast_duration": 0.1,
            "weight": 3,
            "filters": { 
                "all_of": [
                  { "test" :  "is_family", "subject" : "other", "value" :  "player"}
                ] 
            },
            "sequence": [
              {
                "base_delay": 0.05,
                "event": "取消作战状态"
              }
            ]
          }
        ]
      }
     },
     "基本属性":{
        "minecraft:behavior.random_stroll": {
        "priority": 5,
        "speed_multiplier": 1
      },
      "minecraft:behavior.look_at_player": {
        "priority": 6,
        "look_distance": 8
      },
      "minecraft:behavior.random_look_around": {
        "priority": 6
      }
     },
     "皮革套":{
        "minecraft:equipment": {
        "table": "loot_tables/entities/commander1.json"
      },
      "minecraft:behavior.send_event": {
        "priority": 0,
        "event_choices": [
          {
            "min_activation_range": 0.0,
            "max_activation_range": 50.0,
            "cooldown_time": 0.1,
            "cast_duration": 0.1,
            "weight": 3,
            "filters": { 
                "all_of": [
                  { "test" :  "is_family", "subject" : "other", "value" :  "bandit"}
                ] 
            },
            "sequence": [
              {
                "base_delay": 0.05,
                "event": "皮革套"
              }
            ]
          }
        ]
      }
     },
     "金套":{
        "minecraft:equipment": {
        "table": "loot_tables/entities/commander2.json"
      },
      "minecraft:behavior.send_event": {
        "priority": 0,
        "event_choices": [
          {
            "min_activation_range": 0.0,
            "max_activation_range": 50.0,
            "cooldown_time": 0.1,
            "cast_duration": 0.1,
            "weight": 3,
            "filters": { 
                "all_of": [
                  { "test" :  "is_family", "subject" : "other", "value" :  "bandit"}
                ] 
            },
            "sequence": [
              {
                "base_delay": 0.05,
                "event": "金套"
              }
            ]
          }
        ]
      }
     },
     "链甲套":{
        "minecraft:equipment": {
        "table": "loot_tables/entities/commander3.json"
      },
      "minecraft:behavior.send_event": {
        "priority": 0,
        "event_choices": [
          {
            "min_activation_range": 0.0,
            "max_activation_range": 50.0,
            "cooldown_time": 0.1,
            "cast_duration": 0.1,
            "weight": 3,
            "filters": { 
                "all_of": [
                  { "test" :  "is_family", "subject" : "other", "value" :  "bandit"}
                ] 
            },
            "sequence": [
              {
                "base_delay": 0.05,
                "event": "链甲套"
              }
            ]
          }
        ]
      }
     },
     "铁套":{
        "minecraft:equipment": {
        "table": "loot_tables/entities/commander4.json"
      },
      "minecraft:behavior.send_event": {
        "priority": 0,
        "event_choices": [
          {
            "min_activation_range": 0.0,
            "max_activation_range": 50.0,
            "cooldown_time": 0.1,
            "cast_duration": 0.1,
            "weight": 3,
            "filters": { 
                "all_of": [
                  { "test" :  "is_family", "subject" : "other", "value" :  "bandit"}
                ] 
            },
            "sequence": [
              {
                "base_delay": 0.05,
                "event": "铁套"
              }
            ]
          }
        ]
      }
     },
     "钻石套":{
        "minecraft:equipment": {
        "table": "loot_tables/entities/commander5.json"
      },
      "minecraft:behavior.send_event": {
        "priority": 0,
        "event_choices": [
          {
            "min_activation_range": 0.0,
            "max_activation_range": 50.0,
            "cooldown_time": 0.1,
            "cast_duration": 0.1,
            "weight": 3,
            "filters": { 
                "all_of": [
                  { "test" :  "is_family", "subject" : "other", "value" :  "bandit"}
                ] 
            },
            "sequence": [
              {
                "base_delay": 0.05,
                "event": "钻石套"
              }
            ]
          }
        ]
      }
     },
     "招募": {
        "minecraft:is_tamed": {
        },
        "minecraft:interact": [
		  {
		    "on_interact": {
			  "filters": {
			    "all_of": [
				  { "test": "has_equipment", "subject": "other", "domain": "hand", "value": "aw:leather"},
                  { "test" :  "is_family", "subject" : "other", "value" :  "player"}
				]
			  },
			  "event": "皮革套"
		    },
		    "use_item": true,
			"interact_text": "添加"
		  },
    {
		    "on_interact": {
			  "filters": {
			    "all_of": [
				  { "test": "has_equipment", "subject": "other", "domain": "hand", "value": "aw:golden"},
                  { "test" :  "is_family", "subject" : "other", "value" :  "player"}
				]
			  },
			  "event": "金套"
		    },
		    "use_item": true,
			"interact_text": "添加"
		  }, 
     {
		    "on_interact": {
			  "filters": {
			    "all_of": [
				  { "test": "has_equipment", "subject": "other", "domain": "hand", "value": "aw:chainmail"},
                  { "test" :  "is_family", "subject" : "other", "value" :  "player"}
				]
			  },
			  "event": "链甲套"
		    },
		    "use_item": true,
			"interact_text": "添加"
		  },
     {
		    "on_interact": {
			  "filters": {
			    "all_of": [
				  { "test": "has_equipment", "subject": "other", "domain": "hand", "value": "aw:iron"},
                  { "test" :  "is_family", "subject" : "other", "value" :  "player"}
				]
			  },
			  "event": "铁套"
		    },
		    "use_item": true,
			"interact_text": "添加"
		  },
     {
		    "on_interact": {
			  "filters": {
			    "all_of": [
				  { "test": "has_equipment", "subject": "other", "domain": "hand", "value": "aw:diamond"},
                  { "test" :  "is_family", "subject" : "other", "value" :  "player"}
				]
			  },
			  "event": "钻石套"
		    },
		    "use_item": true,
			"interact_text": "添加"
		  }
		],   
     "minecraft:on_target_acquired": {
        "event": "minecraft:become_aggro",
        "target": "self"
      },
      "minecraft:on_target_escape": {
        "event": "minecraft:stop_aggro",
        "target": "self"
      },
        "minecraft:behavior.follow_owner": {
          "priority": 2,
          "speed_multiplier": 1.0,
          "start_distance": 20,
          "stop_distance": 2
        },
        "minecraft:attack": {
        "damage": 1
      },
        "minecraft:behavior.owner_hurt_by_target": {
          "priority": 2
        },
        "minecraft:behavior.owner_hurt_target": {
          "priority": 2
        },
        "minecraft:sittable": {
        },
        "minecraft:leashable": {
          "soft_distance": 4.0,
          "hard_distance": 6.0,
          "max_distance": 10.0,
          "on_leash": {
            "event": "minecraft:on_leash",
            "target": "self"
          },
          "on_unleash": {
            "event": "minecraft:on_unleash",
            "target": "self"
          }
        }
      }
        },
    "components": {
      "minecraft:on_target_acquired": {
        "event": "minecraft:become_aggro",
        "target": "self"
      },
      "minecraft:on_target_escape": {
        "event": "minecraft:stop_aggro",
        "target": "self"
      },
      "minecraft:nameable": {
      },
      "minecraft:breathable": {
        "totalSupply": 15,
        "suffocateTime": 0,
        "breathesWater": true
      },
      "minecraft:health": {
        "value": 20,
        "max": 20
      },
      "minecraft:collision_box": {
        "width": 1.0,
        "height": 2.0
      },
      "minecraft:equipment": {
        "table": "loot_tables/entities/diamond_sword.json"
      },
      "minecraft:movement": {
        "value": 0.3
      },
      "minecraft:navigation.walk": {
        "is_amphibious": true,
        "avoid_sun": false,
        "avoid_water": true
      },
      "minecraft:movement.basic": {
      },
      "minecraft:jump.static": {
      },
      "minecraft:can_climb": {
      },
      "minecraft:scale": {
        "value": 1.0
      },
      "minecraft:loot": {
        "table": "loot_tables/entities/emerald.json"
      },
      "minecraft:damage_sensor": [
        {
          "on_damage": {
            "filters": { "test" :  "is_family", "subject" : "other", "value" :  "bandit" }
        },
          "deals_damage": false
       }
      ],
      "minecraft:behavior.hurt_by_target": {
        "priority": 1
      },
      "minecraft:fall_damage": {
        "value": 0.0
      },   
      "minecraft:follow_range": {
      "value": 100,
      "max": 100
      },   
      "minecraft:behavior.nearest_attackable_target": {
        "priority": 2,
        "reselect_targets": true,
        "entity_types": [
          {
            "filters": {
              "test": "is_family",
              "subject": "other",
              "value": "monster"
            },
            "max_dist": 60
          },
          {
            "filters": {
              "test": "is_family",
              "subject": "other",
              "value": "desert"
            },
            "max_dist": 60
          },
          {
            "filters": {
              "test": "is_family",
              "subject": "other",
              "value": "player"
              },
            "max_dist": 60
            },
            {
            "filters": {
              "test": "is_family",
              "subject": "other",
              "value": "native"
             },
            "max_dist": 60
            },
            {
            "filters": {
              "test": "is_family",
              "subject": "other",
              "value": "pirate"
              },
            "max_dist": 60
            },
            {
            "filters": {
              "test": "is_family",
              "subject": "other",
              "value": "viking"
            },
            "max_dist": 60
          }
        ],
        "must_see": true
      },
      "minecraft:type_family": {
        "family": [ "commander", "bandit" ]
      },
      "minecraft:physics": {
      }
    },

    "events": {
      "minecraft:entity_spawned": {
        "randomize": [
          {
            "weight": 50,
            "remove": {
            },
            "add": {
              "component_groups": [
                "皮革套","攻击"
              ]
            }
          },
          {
            "weight": 40,
            "remove": {
            },
            "add": {
              "component_groups": [
                "金套","攻击"
              ]
            }
          },
          {
            "weight": 30,
            "remove": {
            },
            "add": {
              "component_groups": [
                "链甲套","攻击"
              ]
            }
          },
          {
            "weight": 20,
            "remove": {
            },
            "add": {
              "component_groups": [
                "铁套","攻击"
              ]
            }
          },
          {
            "weight": 10,
            "remove": {
            },
            "add": {
              "component_groups": [
                "钻石套","攻击"
              ]
            }
          }     
        ]
      },
      "皮革套": {
        "sequence": [
          {
            "add": { "component_groups": ["皮革套"]}
          }
        ]
      },
      "金套": {
        "sequence": [
          {
            "add": { "component_groups": ["金套"]}
          }
        ]
      },
      "链甲套": {
        "sequence": [
          {
            "add": { "component_groups": ["链甲套"]}
          }
        ]
      },
      "铁套": {
        "sequence": [
          {
            "add": { "component_groups": ["铁套"]}
          }
        ]
      },
      "钻石套": {
        "sequence": [
          {
            "add": { "component_groups": ["钻石套"]}
          }
        ]
      },
      "进入作战状态": {
        "randomize": [
          {
            "remove": {"component_groups": ["基本属性"]}
          }
        ]
      },
      "取消作战状态": {
        "randomize": [
          {
            "add": {"component_groups": []}
          }
        ]
      },
      "minecraft:become_aggro": {
        "randomize": [
         {
        "remove": {"component_groups":     ["取消攻击"]},
        "add": {"component_groups": ["准备攻击"]}
     }
    ]
   },
      "minecraft:stop_aggro": {
        "randomize": [
         {
        "remove": {"component_groups":     ["准备攻击"]},
        "add": {"component_groups": ["取消攻击"]}
     }
    ]
   }
  }
 }
}