{
  "format_version": "1.8.0",
  "minecraft:entity": {
    "description": {
      "identifier": "aw:native_general",
      "is_spawnable": false,
      "is_summonable": true,
      "is_experimental": false
    },

    "component_groups": {
        "攻击":{
        "minecraft:attack": {
        "damage": 5
      }, 
      "minecraft:behavior.melee_attack":{
          "priority":1,
          "target_dist":1,
          "speed_multiplier":1,
          "track_target":true
          }
     },
     "基本属性":{
        "minecraft:behavior.random_stroll": {
        "priority": 5,
        "speed_multiplier": 1
      },
      "minecraft:behavior.look_at_player": {
        "priority": 6,
        "look_distance": 8
      },
      "minecraft:behavior.random_look_around": {
        "priority": 6
      }
     },
     "钻石套":{
        "minecraft:equipment": {
        "table": "loot_tables/entities/general.json"
      }
     },
     "招募": {
        "minecraft:is_tamed": {
        },
     "minecraft:on_target_acquired": {
        "event": "minecraft:become_aggro",
        "target": "self"
      },
      "minecraft:on_target_escape": {
        "event": "minecraft:stop_aggro",
        "target": "self"
      },
        "minecraft:behavior.follow_owner": {
          "priority": 1,
          "speed_multiplier": 1.0,
          "start_distance": 20,
          "stop_distance": 2
        },
        "minecraft:attack": {
        "damage": 5
      },
        "minecraft:behavior.owner_hurt_by_target": {
          "priority": 2
        },
        "minecraft:behavior.owner_hurt_target": {
          "priority": 2
        },
        "minecraft:sittable": {
        },
        "minecraft:leashable": {
          "soft_distance": 4.0,
          "hard_distance": 6.0,
          "max_distance": 10.0,
          "on_leash": {
            "event": "minecraft:on_leash",
            "target": "self"
          },
          "on_unleash": {
            "event": "minecraft:on_unleash",
            "target": "self"
          }
        }
      }
        },
    "components": {
      "minecraft:nameable": {
      },
      "minecraft:breathable": {
        "totalSupply": 15,
        "suffocateTime": 0,
        "breathesWater": true
      },
      "minecraft:health": {
        "value": 50,
        "max": 50
      },
      "minecraft:collision_box": {
        "width": 1.0,
        "height": 2.0
      },
      "minecraft:movement": {
        "value": 0.3
      },
      "minecraft:navigation.walk": {
        "is_amphibious": true,
        "avoid_sun": false,
        "avoid_water": true
      },
      "minecraft:movement.basic": {
      },
      "minecraft:jump.static": {
      },
      "minecraft:can_climb": {
      },
      "minecraft:scale": {
        "value": 1.0
      },  
      "minecraft:loot": {
        "table": "loot_tables/entities/emerald.json"
      },    
      "minecraft:knockback_resistance": {
        "value": 0.5
      },
      "minecraft:damage_sensor": [
        {
          "on_damage": {
            "filters": { "test" :  "is_family", "subject" : "other", "value" :  "native" }
        },
          "deals_damage": false
       }
      ],
      "minecraft:behavior.hurt_by_target": {
        "priority": 1
      },
      "minecraft:fall_damage": {
        "value": 0.0
      },   
      "minecraft:follow_range": {
      "value": 100,
      "max": 100
      },   
      "minecraft:behavior.nearest_attackable_target": {
        "priority": 2,
        "reselect_targets": true,
        "entity_types": [
          {
            "filters": {
              "test": "is_family",
              "subject": "other",
              "value": "monster"
            },
            "max_dist": 60
          },
          {
            "filters": {
              "test": "is_family",
              "subject": "other",
              "value": "desert"
            },
            "max_dist": 60
          },
          {
            "filters": {
              "test": "is_family",
              "subject": "other",
              "value": "bandit"
              },
            "max_dist": 60
            },
            {
            "filters": {
              "test": "is_family",
              "subject": "other",
              "value": "desert"
             },
            "max_dist": 60
            },
            {
            "filters": {
              "test": "is_family",
              "subject": "other",
              "value": "pirate"
              },
            "max_dist": 60
            },
            {
            "filters": {
              "test": "is_family",
              "subject": "other",
              "value": "viking"
            },
            "max_dist": 60
          }
        ],
        "must_see": true
      },
      "minecraft:type_family": {
        "family": [ "general", "native" ]
      },
      "minecraft:physics": {
      }
    },

    "events": {
      "招募": {
        "sequence": [
          {
            "add": { "component_groups": ["招募"]}
          }
        ]
      },
      "进入作战状态": {
        "randomize": [
          {
            "remove": {"component_groups": ["基本属性"]}
          }
        ]
      },
      "取消作战状态": {
        "randomize": [
          {
            "add": {"component_groups": ["基本属性"]}
          }
        ]
      },
      "minecraft:become_aggro": {
        "randomize": [
         {
        "remove": {"component_groups":     ["取消攻击"]},
        "add": {"component_groups": ["准备攻击"]}
     }
    ]
   },
      "minecraft:stop_aggro": {
        "randomize": [
         {
        "remove": {"component_groups":     ["准备攻击"]},
        "add": {"component_groups": ["取消攻击"]}
     }
    ]
   },
      "minecraft:entity_spawned": {
        "randomize": [
          {
            "add": {"component_groups": ["攻击","钻石套"]}
          }
        ]
      }
    }
  }
}