{
    "format_version": "1.8.0",
    "minecraft:entity": {
        "description": {
            "identifier": "aw:native_soldier",
            "is_spawnable": false,
            "is_summonable": true,
            "is_experimental": false
        },
        "component_groups": {
            "攻击": {
                "minecraft:attack": {
                    "damage": 1
                },
                "minecraft:behavior.melee_attack": {
                    "priority": 1,
                    "target_dist": 1,
                    "speed_multiplier": 1,
                    "track_target": true
                }
            },
            "基本属性": {
                "minecraft:behavior.random_stroll": {
                    "priority": 5,
                    "speed_multiplier": 1
                },
                "minecraft:behavior.look_at_player": {
                    "priority": 6,
                    "look_distance": 8
                },
                "minecraft:behavior.random_look_around": {
                    "priority": 6
                }
            },
            "停止跟随": {
                "minecraft:interact": [
                    {
                        "on_interact": {
                            "filters": {
                                "all_of": [
                                    {
                                        "test": "has_equipment",
                                        "subject": "other",
                                        "domain": "hand",
                                        "value": "minecraft:iron_sword"
                                    },
                                    {
                                        "test": "is_family",
                                        "subject": "other",
                                        "value": "player"
                                    }
                                ]
                            },
                            "event": "跟随玩家"
                        },
                        "use_item": false,
                        "interact_text": "跟随"
                    }
                ]
            },
            "跟随": {
                "minecraft:interact": [
                    {
                        "on_interact": {
                            "filters": {
                                "all_of": [
                                    {
                                        "test": "has_equipment",
                                        "subject": "other",
                                        "domain": "hand",
                                        "value": "minecraft:iron_sword"
                                    },
                                    {
                                        "test": "is_family",
                                        "subject": "other",
                                        "value": "player"
                                    }
                                ]
                            },
                            "event": "停止跟随玩家"
                        },
                        "use_item": false,
                        "interact_text": "停止跟随"
                    }
                ],
                "minecraft:behavior.follow_owner": {
                    "priority": 2,
                    "speed_multiplier": 1,
                    "start_distance": 20,
                    "stop_distance": 2
                }
            },
            "皮革套": {
                "minecraft:equipment": {
                    "table": "loot_tables/entities/soldier1.json"
                }
            },
            "金套": {
                "minecraft:equipment": {
                    "table": "loot_tables/entities/soldier2.json"
                }
            },
            "链甲套": {
                "minecraft:equipment": {
                    "table": "loot_tables/entities/soldier3.json"
                }
            },
            "铁套": {
                "minecraft:equipment": {
                    "table": "loot_tables/entities/soldier4.json"
                }
            },
            "钻石套": {
                "minecraft:equipment": {
                    "table": "loot_tables/entities/soldier5.json"
                }
            },
            "招募": {
                "minecraft:is_tamed": {},
                "minecraft:interact": [
                    {
                        "on_interact": {
                            "filters": {
                                "all_of": [
                                    {
                                        "test": "has_equipment",
                                        "subject": "other",
                                        "domain": "hand",
                                        "value": "aw:leather"
                                    },
                                    {
                                        "test": "is_family",
                                        "subject": "other",
                                        "value": "player"
                                    }
                                ]
                            },
                            "event": "皮革套"
                        },
                        "use_item": true,
                        "interact_text": "添加"
                    },
                    {
                        "on_interact": {
                            "filters": {
                                "all_of": [
                                    {
                                        "test": "has_equipment",
                                        "subject": "other",
                                        "domain": "hand",
                                        "value": "aw:golden"
                                    },
                                    {
                                        "test": "is_family",
                                        "subject": "other",
                                        "value": "player"
                                    }
                                ]
                            },
                            "event": "金套"
                        },
                        "use_item": true,
                        "interact_text": "添加"
                    },
                    {
                        "on_interact": {
                            "filters": {
                                "all_of": [
                                    {
                                        "test": "has_equipment",
                                        "subject": "other",
                                        "domain": "hand",
                                        "value": "aw:chainmail"
                                    },
                                    {
                                        "test": "is_family",
                                        "subject": "other",
                                        "value": "player"
                                    }
                                ]
                            },
                            "event": "链甲套"
                        },
                        "use_item": true,
                        "interact_text": "添加"
                    },
                    {
                        "on_interact": {
                            "filters": {
                                "all_of": [
                                    {
                                        "test": "has_equipment",
                                        "subject": "other",
                                        "domain": "hand",
                                        "value": "aw:iron"
                                    },
                                    {
                                        "test": "is_family",
                                        "subject": "other",
                                        "value": "player"
                                    }
                                ]
                            },
                            "event": "铁套"
                        },
                        "use_item": true,
                        "interact_text": "添加"
                    },
                    {
                        "on_interact": {
                            "filters": {
                                "all_of": [
                                    {
                                        "test": "has_equipment",
                                        "subject": "other",
                                        "domain": "hand",
                                        "value": "aw:diamond"
                                    },
                                    {
                                        "test": "is_family",
                                        "subject": "other",
                                        "value": "player"
                                    }
                                ]
                            },
                            "event": "钻石套"
                        },
                        "use_item": true,
                        "interact_text": "添加"
                    }
                ],
                "minecraft:on_target_acquired": {
                    "event": "minecraft:become_aggro",
                    "target": "self"
                },
                "minecraft:on_target_escape": {
                    "event": "minecraft:stop_aggro",
                    "target": "self"
                },
                "minecraft:attack": {
                    "damage": 1
                },
                "minecraft:behavior.owner_hurt_by_target": {
                    "priority": 2
                },
                "minecraft:behavior.owner_hurt_target": {
                    "priority": 2
                },
                "minecraft:sittable": {},
                "minecraft:leashable": {
                    "soft_distance": 4,
                    "hard_distance": 6,
                    "max_distance": 10,
                    "on_leash": {
                        "event": "minecraft:on_leash",
                        "target": "self"
                    },
                    "on_unleash": {
                        "event": "minecraft:on_unleash",
                        "target": "self"
                    }
                }
            }
        },
        "components": {
            "minecraft:nameable": {},
            "minecraft:breathable": {
                "totalSupply": 15,
                "suffocateTime": 0,
                "breathesWater": true
            },
            "minecraft:health": {
                "value": 20,
                "max": 20
            },
            "minecraft:collision_box": {
                "width": 1,
                "height": 2
            },
            "minecraft:equipment": {
                "table": "loot_tables/entities/sword.json"
            },
            "minecraft:movement": {
                "value": 0.3
            },
            "minecraft:navigation.walk": {
                "is_amphibious": true,
                "avoid_sun": false,
                "avoid_water": true
            },
            "minecraft:movement.basic": {},
            "minecraft:jump.static": {},
            "minecraft:can_climb": {},
            "minecraft:scale": {
                "value": 1
            },
            "minecraft:loot": {
                "table": "loot_tables/entities/emerald.json"
            },
            "minecraft:damage_sensor": [
                {
                    "on_damage": {
                        "filters": {
                            "test": "is_family",
                            "subject": "other",
                            "value": "native"
                        }
                    },
                    "deals_damage": false
                }
            ],
            "minecraft:behavior.hurt_by_target": {
                "priority": 1
            },
            "minecraft:fall_damage": {
                "value": 0
            },
            "minecraft:follow_range": {
                "value": 100,
                "max": 100
            },
            "minecraft:behavior.nearest_attackable_target": {
                "priority": 2,
                "reselect_targets": true,
                "entity_types": [
                    {
                        "filters": {
                            "test": "is_family",
                            "subject": "other",
                            "value": "monster"
                        },
                        "max_dist": 60
                    },
                    {
                        "filters": {
                            "test": "is_family",
                            "subject": "other",
                            "value": "desert"
                        },
                        "max_dist": 60
                    },
                    {
                        "filters": {
                            "test": "is_family",
                            "subject": "other",
                            "value": "bandit"
                        },
                        "max_dist": 60
                    },
                    {
                        "filters": {
                            "test": "is_family",
                            "subject": "other",
                            "value": "player"
                        },
                        "max_dist": 60
                    },
                    {
                        "filters": {
                            "test": "is_family",
                            "subject": "other",
                            "value": "pirate"
                        },
                        "max_dist": 60
                    },
                    {
                        "filters": {
                            "test": "is_family",
                            "subject": "other",
                            "value": "viking"
                        },
                        "max_dist": 60
                    }
                ],
                "must_see": true
            },
            "minecraft:type_family": {
                "family": [
                    "soldier",
                    "native"
                ]
            },
            "minecraft:physics": {}
        },
        "events": {
            "招募": {
                "sequence": [
                    {
                        "add": {
                            "component_groups": [
                                "招募"
                            ]
                        }
                    }
                ]
            },
            "跟随玩家": {
                "randomize": [
                    {
                        "remove": {
                            "component_groups": [
                                "停止跟随"
                            ]
                        },
                        "add": {
                            "component_groups": [
                                "跟随"
                            ]
                        }
                    }
                ]
            },
            "停止跟随玩家": {
                "randomize": [
                    {
                        "add": {
                            "component_groups": [
                                "停止跟随"
                            ]
                        },
                        "remove": {
                            "component_groups": [
                                "跟随"
                            ]
                        }
                    }
                ]
            },
            "皮革套": {
                "sequence": [
                    {
                        "add": {
                            "component_groups": [
                                "皮革套"
                            ]
                        }
                    }
                ]
            },
            "金套": {
                "sequence": [
                    {
                        "add": {
                            "component_groups": [
                                "金套"
                            ]
                        }
                    }
                ]
            },
            "链甲套": {
                "sequence": [
                    {
                        "add": {
                            "component_groups": [
                                "链甲套"
                            ]
                        }
                    }
                ]
            },
            "铁套": {
                "sequence": [
                    {
                        "add": {
                            "component_groups": [
                                "铁套"
                            ]
                        }
                    }
                ]
            },
            "钻石套": {
                "sequence": [
                    {
                        "add": {
                            "component_groups": [
                                "钻石套"
                            ]
                        }
                    }
                ]
            },
            "进入作战状态": {
                "randomize": [
                    {
                        "remove": {
                            "component_groups": [
                                "基本属性"
                            ]
                        }
                    }
                ]
            },
            "取消作战状态": {
                "randomize": [
                    {
                        "add": {
                            "component_groups": []
                        }
                    }
                ]
            },
            "minecraft:become_aggro": {
                "randomize": [
                    {
                        "remove": {
                            "component_groups": [
                                "取消攻击"
                            ]
                        },
                        "add": {
                            "component_groups": [
                                "准备攻击"
                            ]
                        }
                    }
                ]
            },
            "minecraft:stop_aggro": {
                "randomize": [
                    {
                        "remove": {
                            "component_groups": [
                                "准备攻击"
                            ]
                        },
                        "add": {
                            "component_groups": [
                                "取消攻击"
                            ]
                        }
                    }
                ]
            },
            "minecraft:entity_spawned": {
                "randomize": [
                    {
                        "add": {
                            "component_groups": [
                                "攻击"
                            ]
                        }
                    }
                ]
            }
        }
    }
}