{
  "format_version": "1.10.0",
  "minecraft:client_entity": {
    "description": {
      "identifier": "aw:pirate_archer_horse",
      "materials": { "default": "entity_alphatest" },
      "textures": {
        "default": "textures/entity/pirate/pirate_archer_ride"
      },
      "geometry": {
        "default": "geometry.pirate_archer_ride"
      },
      "enable_attachables": true,
      "scripts": {
				"animate": [
					"base",
					"move",
					"bow_and_arrow",
					"sit"
				],
				"scale": "1"
			},
			"animations": {
				"base": "animation.base.base",
				"move": "animation.horse.move",
				"bow_and_arrow": "animation.base.bow_and_arrow",
				"sit": "animation.base.sit"
			},
      "render_controllers": [ "controller.render.default" ],
      "spawn_egg": {
        "texture": "pirate_archer_ride"
      }
    }
  }
}